Date,
2014-11-16,
2014-11-23,
2014-11-30,
2014-12-07,
2014-12-14,
2014-12-21,
2014-12-28,
2015-01-04,
2015-01-11,
2015-01-18,
2015-01-25,
2015-02-01,
2015-02-08,
2015-02-15,
2015-02-22,
2015-03-01,
2015-03-08,
2015-03-15,
2015-03-22,
2015-03-29,
2015-04-05,
2015-04-12,
2015-04-19,
2015-04-26,
2015-05-03,
2015-05-10,
2015-05-17,
2015-05-24,
2015-05-31,
2015-06-07,
2015-06-14,
2015-06-21,
2015-06-28,
2015-07-05,
2015-07-12,
2015-07-19,
2015-07-26,
2015-08-02,
2015-08-09,
2015-08-16,
2015-08-23,
2015-08-30,
2015-09-06,
2015-09-13,
2015-09-20,
2015-09-27,
2015-10-04,
2015-10-11,
2015-10-18,
2015-10-25,
2015-11-01,
2015-11-08,
2015-11-15,
2015-11-22,
2015-11-29,
2015-12-06,
2015-12-13,
2015-12-20,
2015-12-27,
2016-01-03,
2016-01-10,
2016-01-17,
2016-01-24,
2016-01-31,
2016-02-07,
2016-02-14,
2016-02-21,
2016-02-28,
2016-03-06,
2016-03-13,
2016-03-20,
2016-03-27,
2016-04-03,
2016-04-10,
2016-04-17,
2016-04-24,